image,video,frame,time_sec,annotation_class,annotation_status
data/field_segmentation/images_to_annotate/american_vs_colgate_2025_frame_0000000.jpg,data/raw_videos/patriot_league/american/american_vs_colgate_2025.mp4,0,0.0,playable_field,needs_polygon
data/field_segmentation/images_to_annotate/american_vs_colgate_2025_frame_0001376.jpg,data/raw_videos/patriot_league/american/american_vs_colgate_2025.mp4,1376,55.04,playable_field,needs_polygon
data/field_segmentation/images_to_annotate/american_vs_colgate_2025_frame_0003540.jpg,data/raw_videos/patriot_league/american/american_vs_colgate_2025.mp4,3540,141.6,playable_field,needs_polygon
data/field_segmentation/images_to_annotate/american_vs_colgate_2025_frame_0005507.jpg,data/raw_videos/patriot_league/american/american_vs_colgate_2025.mp4,5507,220.28,playable_field,needs_polygon
data/field_segmentation/images_to_annotate/american_vs_colgate_2025_frame_0006097.jpg,data/raw_videos/patriot_league/american/american_vs_colgate_2025.mp4,6097,243.88,playable_field,needs_polygon
data/field_segmentation/images_to_annotate/american_vs_colgate_2025_frame_0009047.jpg,data/raw_videos/patriot_league/american/american_vs_colgate_2025.mp4,9047,361.88,playable_field,needs_polygon
data/field_segmentation/images_to_annotate/american_vs_colgate_2025_frame_0010424.jpg,data/raw_videos/patriot_league/american/american_vs_colgate_2025.mp4,10424,416.96,playable_field,needs_polygon
data/field_segmentation/images_to_annotate/american_vs_colgate_2025_frame_0011014.jpg,data/raw_videos/patriot_league/american/american_vs_colgate_2025.mp4,11014,440.56,playable_field,needs_polygon
data/field_segmentation/images_to_annotate/american_vs_colgate_2025_frame_0012784.jpg,data/raw_videos/patriot_league/american/american_vs_colgate_2025.mp4,12784,511.36,playable_field,needs_polygon
data/field_segmentation/images_to_annotate/american_vs_colgate_2025_frame_0013964.jpg,data/raw_videos/patriot_league/american/american_vs_colgate_2025.mp4,13964,558.56,playable_field,needs_polygon
data/field_segmentation/images_to_annotate/american_vs_colgate_2025_frame_0016127.jpg,data/raw_videos/patriot_league/american/american_vs_colgate_2025.mp4,16127,645.08,playable_field,needs_polygon
data/field_segmentation/images_to_annotate/american_vs_colgate_2025_frame_0017897.jpg,data/raw_videos/patriot_league/american/american_vs_colgate_2025.mp4,17897,715.88,playable_field,needs_polygon
data/field_segmentation/images_to_annotate/american_vs_colgate_2025_frame_0019864.jpg,data/raw_videos/patriot_league/american/american_vs_colgate_2025.mp4,19864,794.56,playable_field,needs_polygon
data/field_segmentation/images_to_annotate/american_vs_colgate_2025_frame_0020848.jpg,data/raw_videos/patriot_league/american/american_vs_colgate_2025.mp4,20848,833.92,playable_field,needs_polygon
data/field_segmentation/images_to_annotate/american_vs_colgate_2025_frame_0022814.jpg,data/raw_videos/patriot_league/american/american_vs_colgate_2025.mp4,22814,912.56,playable_field,needs_polygon
data/field_segmentation/images_to_annotate/army_vs_colgate_2025_frame_0000000.jpg,data/raw_videos/patriot_league/army/army_vs_colgate_2025.mp4,0,0.0,playable_field,needs_polygon
data/field_segmentation/images_to_annotate/army_vs_colgate_2025_frame_0002226.jpg,data/raw_videos/patriot_league/army/army_vs_colgate_2025.mp4,2226,89.04,playable_field,needs_polygon
data/field_segmentation/images_to_annotate/army_vs_colgate_2025_frame_0003339.jpg,data/raw_videos/patriot_league/army/army_vs_colgate_2025.mp4,3339,133.56,playable_field,needs_polygon
data/field_segmentation/images_to_annotate/army_vs_colgate_2025_frame_0005195.jpg,data/raw_videos/patriot_league/army/army_vs_colgate_2025.mp4,5195,207.8,playable_field,needs_polygon
data/field_segmentation/images_to_annotate/army_vs_colgate_2025_frame_0005937.jpg,data/raw_videos/patriot_league/army/army_vs_colgate_2025.mp4,5937,237.48,playable_field,needs_polygon
data/field_segmentation/images_to_annotate/army_vs_colgate_2025_frame_0008164.jpg,data/raw_videos/patriot_league/army/army_vs_colgate_2025.mp4,8164,326.56,playable_field,needs_polygon
data/field_segmentation/images_to_annotate/army_vs_colgate_2025_frame_0010019.jpg,data/raw_videos/patriot_league/army/army_vs_colgate_2025.mp4,10019,400.76,playable_field,needs_polygon
data/field_segmentation/images_to_annotate/army_vs_colgate_2025_frame_0010205.jpg,data/raw_videos/patriot_league/army/army_vs_colgate_2025.mp4,10205,408.2,playable_field,needs_polygon
data/field_segmentation/images_to_annotate/army_vs_colgate_2025_frame_0012060.jpg,data/raw_videos/patriot_league/army/army_vs_colgate_2025.mp4,12060,482.4,playable_field,needs_polygon
data/field_segmentation/images_to_annotate/army_vs_colgate_2025_frame_0013359.jpg,data/raw_videos/patriot_league/army/army_vs_colgate_2025.mp4,13359,534.36,playable_field,needs_polygon
data/field_segmentation/images_to_annotate/army_vs_colgate_2025_frame_0014658.jpg,data/raw_videos/patriot_league/army/army_vs_colgate_2025.mp4,14658,586.32,playable_field,needs_polygon
data/field_segmentation/images_to_annotate/army_vs_colgate_2025_frame_0016513.jpg,data/raw_videos/patriot_league/army/army_vs_colgate_2025.mp4,16513,660.52,playable_field,needs_polygon
data/field_segmentation/images_to_annotate/army_vs_colgate_2025_frame_0018554.jpg,data/raw_videos/patriot_league/army/army_vs_colgate_2025.mp4,18554,742.16,playable_field,needs_polygon
data/field_segmentation/images_to_annotate/army_vs_colgate_2025_frame_0019296.jpg,data/raw_videos/patriot_league/army/army_vs_colgate_2025.mp4,19296,771.84,playable_field,needs_polygon
data/field_segmentation/images_to_annotate/army_vs_colgate_2025_frame_0021523.jpg,data/raw_videos/patriot_league/army/army_vs_colgate_2025.mp4,21523,860.92,playable_field,needs_polygon
data/field_segmentation/images_to_annotate/bu_vs_colgate_2025_frame_0000000.jpg,data/raw_videos/patriot_league/bu/bu_vs_colgate_2025.mp4,0,0.0,playable_field,needs_polygon
data/field_segmentation/images_to_annotate/bu_vs_colgate_2025_frame_0001549.jpg,data/raw_videos/patriot_league/bu/bu_vs_colgate_2025.mp4,1549,61.96,playable_field,needs_polygon
data/field_segmentation/images_to_annotate/bu_vs_colgate_2025_frame_0002905.jpg,data/raw_videos/patriot_league/bu/bu_vs_colgate_2025.mp4,2905,116.2,playable_field,needs_polygon
data/field_segmentation/images_to_annotate/bu_vs_colgate_2025_frame_0005229.jpg,data/raw_videos/patriot_league/bu/bu_vs_colgate_2025.mp4,5229,209.16,playable_field,needs_polygon
data/field_segmentation/images_to_annotate/bu_vs_colgate_2025_frame_0006972.jpg,data/raw_videos/patriot_league/bu/bu_vs_colgate_2025.mp4,6972,278.88,playable_field,needs_polygon
data/field_segmentation/images_to_annotate/bu_vs_colgate_2025_frame_0008522.jpg,data/raw_videos/patriot_league/bu/bu_vs_colgate_2025.mp4,8522,340.88,playable_field,needs_polygon
data/field_segmentation/images_to_annotate/bu_vs_colgate_2025_frame_0009878.jpg,data/raw_videos/patriot_league/bu/bu_vs_colgate_2025.mp4,9878,395.12,playable_field,needs_polygon
data/field_segmentation/images_to_annotate/bu_vs_colgate_2025_frame_0012008.jpg,data/raw_videos/patriot_league/bu/bu_vs_colgate_2025.mp4,12008,480.32,playable_field,needs_polygon
data/field_segmentation/images_to_annotate/bu_vs_colgate_2025_frame_0012396.jpg,data/raw_videos/patriot_league/bu/bu_vs_colgate_2025.mp4,12396,495.84,playable_field,needs_polygon
data/field_segmentation/images_to_annotate/bu_vs_colgate_2025_frame_0014139.jpg,data/raw_videos/patriot_league/bu/bu_vs_colgate_2025.mp4,14139,565.56,playable_field,needs_polygon
data/field_segmentation/images_to_annotate/bu_vs_colgate_2025_frame_0016076.jpg,data/raw_videos/patriot_league/bu/bu_vs_colgate_2025.mp4,16076,643.04,playable_field,needs_polygon
data/field_segmentation/images_to_annotate/bu_vs_colgate_2025_frame_0018206.jpg,data/raw_videos/patriot_league/bu/bu_vs_colgate_2025.mp4,18206,728.24,playable_field,needs_polygon
data/field_segmentation/images_to_annotate/bu_vs_colgate_2025_frame_0018400.jpg,data/raw_videos/patriot_league/bu/bu_vs_colgate_2025.mp4,18400,736.0,playable_field,needs_polygon
data/field_segmentation/images_to_annotate/bu_vs_colgate_2025_frame_0020724.jpg,data/raw_videos/patriot_league/bu/bu_vs_colgate_2025.mp4,20724,828.96,playable_field,needs_polygon
data/field_segmentation/images_to_annotate/bu_vs_colgate_2025_frame_0021499.jpg,data/raw_videos/patriot_league/bu/bu_vs_colgate_2025.mp4,21499,859.96,playable_field,needs_polygon
data/field_segmentation/images_to_annotate/bucknell_vs_american_2025_frame_0000000.jpg,data/raw_videos/patriot_league/bucknell/bucknell_vs_american_2025.mp4,0,0.0,playable_field,needs_polygon
data/field_segmentation/images_to_annotate/bucknell_vs_american_2025_frame_0002795.jpg,data/raw_videos/patriot_league/bucknell/bucknell_vs_american_2025.mp4,2795,111.8,playable_field,needs_polygon
data/field_segmentation/images_to_annotate/bucknell_vs_american_2025_frame_0004392.jpg,data/raw_videos/patriot_league/bucknell/bucknell_vs_american_2025.mp4,4392,175.68,playable_field,needs_polygon
data/field_segmentation/images_to_annotate/bucknell_vs_american_2025_frame_0004791.jpg,data/raw_videos/patriot_league/bucknell/bucknell_vs_american_2025.mp4,4791,191.64,playable_field,needs_polygon
data/field_segmentation/images_to_annotate/bucknell_vs_american_2025_frame_0007187.jpg,data/raw_videos/patriot_league/bucknell/bucknell_vs_american_2025.mp4,7187,287.48,playable_field,needs_polygon
data/field_segmentation/images_to_annotate/bucknell_vs_american_2025_frame_0008385.jpg,data/raw_videos/patriot_league/bucknell/bucknell_vs_american_2025.mp4,8385,335.4,playable_field,needs_polygon
data/field_segmentation/images_to_annotate/bucknell_vs_american_2025_frame_0009383.jpg,data/raw_videos/patriot_league/bucknell/bucknell_vs_american_2025.mp4,9383,375.32,playable_field,needs_polygon
data/field_segmentation/images_to_annotate/bucknell_vs_american_2025_frame_0012178.jpg,data/raw_videos/patriot_league/bucknell/bucknell_vs_american_2025.mp4,12178,487.12,playable_field,needs_polygon
data/field_segmentation/images_to_annotate/bucknell_vs_american_2025_frame_0013576.jpg,data/raw_videos/patriot_league/bucknell/bucknell_vs_american_2025.mp4,13576,543.04,playable_field,needs_polygon
data/field_segmentation/images_to_annotate/bucknell_vs_american_2025_frame_0014774.jpg,data/raw_videos/patriot_league/bucknell/bucknell_vs_american_2025.mp4,14774,590.96,playable_field,needs_polygon
data/field_segmentation/images_to_annotate/bucknell_vs_american_2025_frame_0016371.jpg,data/raw_videos/patriot_league/bucknell/bucknell_vs_american_2025.mp4,16371,654.84,playable_field,needs_polygon
data/field_segmentation/images_to_annotate/bucknell_vs_american_2025_frame_0017569.jpg,data/raw_videos/patriot_league/bucknell/bucknell_vs_american_2025.mp4,17569,702.76,playable_field,needs_polygon
data/field_segmentation/images_to_annotate/bucknell_vs_american_2025_frame_0019366.jpg,data/raw_videos/patriot_league/bucknell/bucknell_vs_american_2025.mp4,19366,774.64,playable_field,needs_polygon
data/field_segmentation/images_to_annotate/bucknell_vs_american_2025_frame_0020564.jpg,data/raw_videos/patriot_league/bucknell/bucknell_vs_american_2025.mp4,20564,822.56,playable_field,needs_polygon
data/field_segmentation/images_to_annotate/bucknell_vs_american_2025_frame_0023359.jpg,data/raw_videos/patriot_league/bucknell/bucknell_vs_american_2025.mp4,23359,934.36,playable_field,needs_polygon
data/field_segmentation/images_to_annotate/colgate_vs_bucknell_2025_frame_0000000.jpg,data/raw_videos/patriot_league/colgate/colgate_vs_bucknell_2025.mp4,0,0.0,playable_field,needs_polygon
data/field_segmentation/images_to_annotate/colgate_vs_bucknell_2025_frame_0003191.jpg,data/raw_videos/patriot_league/colgate/colgate_vs_bucknell_2025.mp4,3191,106.367,playable_field,needs_polygon
data/field_segmentation/images_to_annotate/colgate_vs_bucknell_2025_frame_0005015.jpg,data/raw_videos/patriot_league/colgate/colgate_vs_bucknell_2025.mp4,5015,167.167,playable_field,needs_polygon
data/field_segmentation/images_to_annotate/colgate_vs_bucknell_2025_frame_0006839.jpg,data/raw_videos/patriot_league/colgate/colgate_vs_bucknell_2025.mp4,6839,227.967,playable_field,needs_polygon
data/field_segmentation/images_to_annotate/colgate_vs_bucknell_2025_frame_0007295.jpg,data/raw_videos/patriot_league/colgate/colgate_vs_bucknell_2025.mp4,7295,243.167,playable_field,needs_polygon
data/field_segmentation/images_to_annotate/colgate_vs_bucknell_2025_frame_0009119.jpg,data/raw_videos/patriot_league/colgate/colgate_vs_bucknell_2025.mp4,9119,303.967,playable_field,needs_polygon
data/field_segmentation/images_to_annotate/colgate_vs_bucknell_2025_frame_0011855.jpg,data/raw_videos/patriot_league/colgate/colgate_vs_bucknell_2025.mp4,11855,395.167,playable_field,needs_polygon
data/field_segmentation/images_to_annotate/colgate_vs_bucknell_2025_frame_0013223.jpg,data/raw_videos/patriot_league/colgate/colgate_vs_bucknell_2025.mp4,13223,440.767,playable_field,needs_polygon
data/field_segmentation/images_to_annotate/colgate_vs_bucknell_2025_frame_0015959.jpg,data/raw_videos/patriot_league/colgate/colgate_vs_bucknell_2025.mp4,15959,531.967,playable_field,needs_polygon
data/field_segmentation/images_to_annotate/colgate_vs_bucknell_2025_frame_0017783.jpg,data/raw_videos/patriot_league/colgate/colgate_vs_bucknell_2025.mp4,17783,592.767,playable_field,needs_polygon
data/field_segmentation/images_to_annotate/colgate_vs_bucknell_2025_frame_0018239.jpg,data/raw_videos/patriot_league/colgate/colgate_vs_bucknell_2025.mp4,18239,607.967,playable_field,needs_polygon
data/field_segmentation/images_to_annotate/colgate_vs_bucknell_2025_frame_0020519.jpg,data/raw_videos/patriot_league/colgate/colgate_vs_bucknell_2025.mp4,20519,683.967,playable_field,needs_polygon
data/field_segmentation/images_to_annotate/colgate_vs_bucknell_2025_frame_0022571.jpg,data/raw_videos/patriot_league/colgate/colgate_vs_bucknell_2025.mp4,22571,752.367,playable_field,needs_polygon
data/field_segmentation/images_to_annotate/colgate_vs_bucknell_2025_frame_0024167.jpg,data/raw_videos/patriot_league/colgate/colgate_vs_bucknell_2025.mp4,24167,805.567,playable_field,needs_polygon
data/field_segmentation/images_to_annotate/colgate_vs_bucknell_2025_frame_0026447.jpg,data/raw_videos/patriot_league/colgate/colgate_vs_bucknell_2025.mp4,26447,881.567,playable_field,needs_polygon
data/field_segmentation/images_to_annotate/holy_cross_vs_colgate_2025_frame_0000000.jpg,data/raw_videos/patriot_league/holy_cross/holy_cross_vs_colgate_2025.mp4,0,0.0,playable_field,needs_polygon
data/field_segmentation/images_to_annotate/holy_cross_vs_colgate_2025_frame_0001504.jpg,data/raw_videos/patriot_league/holy_cross/holy_cross_vs_colgate_2025.mp4,1504,60.16,playable_field,needs_polygon
data/field_segmentation/images_to_annotate/holy_cross_vs_colgate_2025_frame_0003949.jpg,data/raw_videos/patriot_league/holy_cross/holy_cross_vs_colgate_2025.mp4,3949,157.96,playable_field,needs_polygon
data/field_segmentation/images_to_annotate/holy_cross_vs_colgate_2025_frame_0004702.jpg,data/raw_videos/patriot_league/holy_cross/holy_cross_vs_colgate_2025.mp4,4702,188.08,playable_field,needs_polygon
data/field_segmentation/images_to_annotate/holy_cross_vs_colgate_2025_frame_0007147.jpg,data/raw_videos/patriot_league/holy_cross/holy_cross_vs_colgate_2025.mp4,7147,285.88,playable_field,needs_polygon
data/field_segmentation/images_to_annotate/holy_cross_vs_colgate_2025_frame_0008463.jpg,data/raw_videos/patriot_league/holy_cross/holy_cross_vs_colgate_2025.mp4,8463,338.52,playable_field,needs_polygon
data/field_segmentation/images_to_annotate/holy_cross_vs_colgate_2025_frame_0009780.jpg,data/raw_videos/patriot_league/holy_cross/holy_cross_vs_colgate_2025.mp4,9780,391.2,playable_field,needs_polygon
data/field_segmentation/images_to_annotate/holy_cross_vs_colgate_2025_frame_0011473.jpg,data/raw_videos/patriot_league/holy_cross/holy_cross_vs_colgate_2025.mp4,11473,458.92,playable_field,needs_polygon
data/field_segmentation/images_to_annotate/holy_cross_vs_colgate_2025_frame_0012413.jpg,data/raw_videos/patriot_league/holy_cross/holy_cross_vs_colgate_2025.mp4,12413,496.52,playable_field,needs_polygon
data/field_segmentation/images_to_annotate/holy_cross_vs_colgate_2025_frame_0014294.jpg,data/raw_videos/patriot_league/holy_cross/holy_cross_vs_colgate_2025.mp4,14294,571.76,playable_field,needs_polygon
data/field_segmentation/images_to_annotate/holy_cross_vs_colgate_2025_frame_0015234.jpg,data/raw_videos/patriot_league/holy_cross/holy_cross_vs_colgate_2025.mp4,15234,609.36,playable_field,needs_polygon
data/field_segmentation/images_to_annotate/holy_cross_vs_colgate_2025_frame_0017491.jpg,data/raw_videos/patriot_league/holy_cross/holy_cross_vs_colgate_2025.mp4,17491,699.64,playable_field,needs_polygon
data/field_segmentation/images_to_annotate/holy_cross_vs_colgate_2025_frame_0018808.jpg,data/raw_videos/patriot_league/holy_cross/holy_cross_vs_colgate_2025.mp4,18808,752.32,playable_field,needs_polygon
data/field_segmentation/images_to_annotate/holy_cross_vs_colgate_2025_frame_0019936.jpg,data/raw_videos/patriot_league/holy_cross/holy_cross_vs_colgate_2025.mp4,19936,797.44,playable_field,needs_polygon
data/field_segmentation/images_to_annotate/holy_cross_vs_colgate_2025_frame_0021441.jpg,data/raw_videos/patriot_league/holy_cross/holy_cross_vs_colgate_2025.mp4,21441,857.64,playable_field,needs_polygon
data/field_segmentation/images_to_annotate/lafayette_vs_colgate_2025_frame_0000000.jpg,data/raw_videos/patriot_league/lafayette/lafayette_vs_colgate_2025.mp4,0,0.0,playable_field,needs_polygon
data/field_segmentation/images_to_annotate/lafayette_vs_colgate_2025_frame_0001331.jpg,data/raw_videos/patriot_league/lafayette/lafayette_vs_colgate_2025.mp4,1331,53.24,playable_field,needs_polygon
data/field_segmentation/images_to_annotate/lafayette_vs_colgate_2025_frame_0003615.jpg,data/raw_videos/patriot_league/lafayette/lafayette_vs_colgate_2025.mp4,3615,144.6,playable_field,needs_polygon
data/field_segmentation/images_to_annotate/lafayette_vs_colgate_2025_frame_0004566.jpg,data/raw_videos/patriot_league/lafayette/lafayette_vs_colgate_2025.mp4,4566,182.64,playable_field,needs_polygon
data/field_segmentation/images_to_annotate/lafayette_vs_colgate_2025_frame_0006469.jpg,data/raw_videos/patriot_league/lafayette/lafayette_vs_colgate_2025.mp4,6469,258.76,playable_field,needs_polygon
data/field_segmentation/images_to_annotate/lafayette_vs_colgate_2025_frame_0007801.jpg,data/raw_videos/patriot_league/lafayette/lafayette_vs_colgate_2025.mp4,7801,312.04,playable_field,needs_polygon
data/field_segmentation/images_to_annotate/lafayette_vs_colgate_2025_frame_0009703.jpg,data/raw_videos/patriot_league/lafayette/lafayette_vs_colgate_2025.mp4,9703,388.12,playable_field,needs_polygon
data/field_segmentation/images_to_annotate/lafayette_vs_colgate_2025_frame_0011606.jpg,data/raw_videos/patriot_league/lafayette/lafayette_vs_colgate_2025.mp4,11606,464.24,playable_field,needs_polygon
data/field_segmentation/images_to_annotate/lafayette_vs_colgate_2025_frame_0013128.jpg,data/raw_videos/patriot_league/lafayette/lafayette_vs_colgate_2025.mp4,13128,525.12,playable_field,needs_polygon
data/field_segmentation/images_to_annotate/lafayette_vs_colgate_2025_frame_0014270.jpg,data/raw_videos/patriot_league/lafayette/lafayette_vs_colgate_2025.mp4,14270,570.8,playable_field,needs_polygon
data/field_segmentation/images_to_annotate/lafayette_vs_colgate_2025_frame_0016172.jpg,data/raw_videos/patriot_league/lafayette/lafayette_vs_colgate_2025.mp4,16172,646.88,playable_field,needs_polygon
data/field_segmentation/images_to_annotate/lafayette_vs_colgate_2025_frame_0017695.jpg,data/raw_videos/patriot_league/lafayette/lafayette_vs_colgate_2025.mp4,17695,707.8,playable_field,needs_polygon
data/field_segmentation/images_to_annotate/lafayette_vs_colgate_2025_frame_0019026.jpg,data/raw_videos/patriot_league/lafayette/lafayette_vs_colgate_2025.mp4,19026,761.04,playable_field,needs_polygon
data/field_segmentation/images_to_annotate/lafayette_vs_colgate_2025_frame_0020168.jpg,data/raw_videos/patriot_league/lafayette/lafayette_vs_colgate_2025.mp4,20168,806.72,playable_field,needs_polygon
data/field_segmentation/images_to_annotate/lafayette_vs_colgate_2025_frame_0022261.jpg,data/raw_videos/patriot_league/lafayette/lafayette_vs_colgate_2025.mp4,22261,890.44,playable_field,needs_polygon
data/field_segmentation/images_to_annotate/lehigh_vs_bucknell_2025_frame_0000000.jpg,data/raw_videos/patriot_league/lehigh/lehigh_vs_bucknell_2025.mp4,0,0.0,playable_field,needs_polygon
data/field_segmentation/images_to_annotate/lehigh_vs_bucknell_2025_frame_0001581.jpg,data/raw_videos/patriot_league/lehigh/lehigh_vs_bucknell_2025.mp4,1581,63.24,playable_field,needs_polygon
data/field_segmentation/images_to_annotate/lehigh_vs_bucknell_2025_frame_0002964.jpg,data/raw_videos/patriot_league/lehigh/lehigh_vs_bucknell_2025.mp4,2964,118.56,playable_field,needs_polygon
data/field_segmentation/images_to_annotate/lehigh_vs_bucknell_2025_frame_0005731.jpg,data/raw_videos/patriot_league/lehigh/lehigh_vs_bucknell_2025.mp4,5731,229.24,playable_field,needs_polygon
data/field_segmentation/images_to_annotate/lehigh_vs_bucknell_2025_frame_0007312.jpg,data/raw_videos/patriot_league/lehigh/lehigh_vs_bucknell_2025.mp4,7312,292.48,playable_field,needs_polygon
data/field_segmentation/images_to_annotate/lehigh_vs_bucknell_2025_frame_0008696.jpg,data/raw_videos/patriot_league/lehigh/lehigh_vs_bucknell_2025.mp4,8696,347.84,playable_field,needs_polygon
data/field_segmentation/images_to_annotate/lehigh_vs_bucknell_2025_frame_0010475.jpg,data/raw_videos/patriot_league/lehigh/lehigh_vs_bucknell_2025.mp4,10475,419.0,playable_field,needs_polygon
data/field_segmentation/images_to_annotate/lehigh_vs_bucknell_2025_frame_0011463.jpg,data/raw_videos/patriot_league/lehigh/lehigh_vs_bucknell_2025.mp4,11463,458.52,playable_field,needs_polygon
data/field_segmentation/images_to_annotate/lehigh_vs_bucknell_2025_frame_0013044.jpg,data/raw_videos/patriot_league/lehigh/lehigh_vs_bucknell_2025.mp4,13044,521.76,playable_field,needs_polygon
data/field_segmentation/images_to_annotate/lehigh_vs_bucknell_2025_frame_0014032.jpg,data/raw_videos/patriot_league/lehigh/lehigh_vs_bucknell_2025.mp4,14032,561.28,playable_field,needs_polygon
data/field_segmentation/images_to_annotate/lehigh_vs_bucknell_2025_frame_0016404.jpg,data/raw_videos/patriot_league/lehigh/lehigh_vs_bucknell_2025.mp4,16404,656.16,playable_field,needs_polygon
data/field_segmentation/images_to_annotate/lehigh_vs_bucknell_2025_frame_0017195.jpg,data/raw_videos/patriot_league/lehigh/lehigh_vs_bucknell_2025.mp4,17195,687.8,playable_field,needs_polygon
data/field_segmentation/images_to_annotate/lehigh_vs_bucknell_2025_frame_0018974.jpg,data/raw_videos/patriot_league/lehigh/lehigh_vs_bucknell_2025.mp4,18974,758.96,playable_field,needs_polygon
data/field_segmentation/images_to_annotate/lehigh_vs_bucknell_2025_frame_0021741.jpg,data/raw_videos/patriot_league/lehigh/lehigh_vs_bucknell_2025.mp4,21741,869.64,playable_field,needs_polygon
data/field_segmentation/images_to_annotate/lehigh_vs_bucknell_2025_frame_0023322.jpg,data/raw_videos/patriot_league/lehigh/lehigh_vs_bucknell_2025.mp4,23322,932.88,playable_field,needs_polygon
data/field_segmentation/images_to_annotate/loyola_vs_army_2025_frame_0000000.jpg,data/raw_videos/patriot_league/loyola/loyola_vs_army_2025.mp4,0,0.0,playable_field,needs_polygon
data/field_segmentation/images_to_annotate/loyola_vs_army_2025_frame_0002771.jpg,data/raw_videos/patriot_league/loyola/loyola_vs_army_2025.mp4,2771,110.84,playable_field,needs_polygon
data/field_segmentation/images_to_annotate/loyola_vs_army_2025_frame_0003563.jpg,data/raw_videos/patriot_league/loyola/loyola_vs_army_2025.mp4,3563,142.52,playable_field,needs_polygon
data/field_segmentation/images_to_annotate/loyola_vs_army_2025_frame_0005146.jpg,data/raw_videos/patriot_league/loyola/loyola_vs_army_2025.mp4,5146,205.84,playable_field,needs_polygon
data/field_segmentation/images_to_annotate/loyola_vs_army_2025_frame_0007522.jpg,data/raw_videos/patriot_league/loyola/loyola_vs_army_2025.mp4,7522,300.88,playable_field,needs_polygon
data/field_segmentation/images_to_annotate/loyola_vs_army_2025_frame_0008115.jpg,data/raw_videos/patriot_league/loyola/loyola_vs_army_2025.mp4,8115,324.6,playable_field,needs_polygon
data/field_segmentation/images_to_annotate/loyola_vs_army_2025_frame_0009501.jpg,data/raw_videos/patriot_league/loyola/loyola_vs_army_2025.mp4,9501,380.04,playable_field,needs_polygon
data/field_segmentation/images_to_annotate/loyola_vs_army_2025_frame_0010887.jpg,data/raw_videos/patriot_league/loyola/loyola_vs_army_2025.mp4,10887,435.48,playable_field,needs_polygon
data/field_segmentation/images_to_annotate/loyola_vs_army_2025_frame_0013064.jpg,data/raw_videos/patriot_league/loyola/loyola_vs_army_2025.mp4,13064,522.56,playable_field,needs_polygon
data/field_segmentation/images_to_annotate/loyola_vs_army_2025_frame_0014846.jpg,data/raw_videos/patriot_league/loyola/loyola_vs_army_2025.mp4,14846,593.84,playable_field,needs_polygon
data/field_segmentation/images_to_annotate/loyola_vs_army_2025_frame_0017023.jpg,data/raw_videos/patriot_league/loyola/loyola_vs_army_2025.mp4,17023,680.92,playable_field,needs_polygon
data/field_segmentation/images_to_annotate/loyola_vs_army_2025_frame_0018607.jpg,data/raw_videos/patriot_league/loyola/loyola_vs_army_2025.mp4,18607,744.28,playable_field,needs_polygon
data/field_segmentation/images_to_annotate/loyola_vs_army_2025_frame_0018805.jpg,data/raw_videos/patriot_league/loyola/loyola_vs_army_2025.mp4,18805,752.2,playable_field,needs_polygon
data/field_segmentation/images_to_annotate/loyola_vs_army_2025_frame_0020982.jpg,data/raw_videos/patriot_league/loyola/loyola_vs_army_2025.mp4,20982,839.28,playable_field,needs_polygon
data/field_segmentation/images_to_annotate/loyola_vs_army_2025_frame_0023160.jpg,data/raw_videos/patriot_league/loyola/loyola_vs_army_2025.mp4,23160,926.4,playable_field,needs_polygon
data/field_segmentation/images_to_annotate/navy_vs_lafayette_2025_frame_0000000.jpg,data/raw_videos/patriot_league/navy/navy_vs_lafayette_2025.mp4,0,0.0,playable_field,needs_polygon
data/field_segmentation/images_to_annotate/navy_vs_lafayette_2025_frame_0002076.jpg,data/raw_videos/patriot_league/navy/navy_vs_lafayette_2025.mp4,2076,83.04,playable_field,needs_polygon
data/field_segmentation/images_to_annotate/navy_vs_lafayette_2025_frame_0004152.jpg,data/raw_videos/patriot_league/navy/navy_vs_lafayette_2025.mp4,4152,166.08,playable_field,needs_polygon
data/field_segmentation/images_to_annotate/navy_vs_lafayette_2025_frame_0004341.jpg,data/raw_videos/patriot_league/navy/navy_vs_lafayette_2025.mp4,4341,173.64,playable_field,needs_polygon
data/field_segmentation/images_to_annotate/navy_vs_lafayette_2025_frame_0006229.jpg,data/raw_videos/patriot_league/navy/navy_vs_lafayette_2025.mp4,6229,249.16,playable_field,needs_polygon
data/field_segmentation/images_to_annotate/navy_vs_lafayette_2025_frame_0007739.jpg,data/raw_videos/patriot_league/navy/navy_vs_lafayette_2025.mp4,7739,309.56,playable_field,needs_polygon
data/field_segmentation/images_to_annotate/navy_vs_lafayette_2025_frame_0010193.jpg,data/raw_videos/patriot_league/navy/navy_vs_lafayette_2025.mp4,10193,407.72,playable_field,needs_polygon
data/field_segmentation/images_to_annotate/navy_vs_lafayette_2025_frame_0011703.jpg,data/raw_videos/patriot_league/navy/navy_vs_lafayette_2025.mp4,11703,468.12,playable_field,needs_polygon
data/field_segmentation/images_to_annotate/navy_vs_lafayette_2025_frame_0013213.jpg,data/raw_videos/patriot_league/navy/navy_vs_lafayette_2025.mp4,13213,528.52,playable_field,needs_polygon
data/field_segmentation/images_to_annotate/navy_vs_lafayette_2025_frame_0014723.jpg,data/raw_videos/patriot_league/navy/navy_vs_lafayette_2025.mp4,14723,588.92,playable_field,needs_polygon
data/field_segmentation/images_to_annotate/navy_vs_lafayette_2025_frame_0015101.jpg,data/raw_videos/patriot_league/navy/navy_vs_lafayette_2025.mp4,15101,604.04,playable_field,needs_polygon
data/field_segmentation/images_to_annotate/navy_vs_lafayette_2025_frame_0016422.jpg,data/raw_videos/patriot_league/navy/navy_vs_lafayette_2025.mp4,16422,656.88,playable_field,needs_polygon
data/field_segmentation/images_to_annotate/navy_vs_lafayette_2025_frame_0018687.jpg,data/raw_videos/patriot_league/navy/navy_vs_lafayette_2025.mp4,18687,747.48,playable_field,needs_polygon
data/field_segmentation/images_to_annotate/navy_vs_lafayette_2025_frame_0020386.jpg,data/raw_videos/patriot_league/navy/navy_vs_lafayette_2025.mp4,20386,815.44,playable_field,needs_polygon
data/field_segmentation/images_to_annotate/navy_vs_lafayette_2025_frame_0021519.jpg,data/raw_videos/patriot_league/navy/navy_vs_lafayette_2025.mp4,21519,860.76,playable_field,needs_polygon
data/field_segmentation/images_to_annotate/BU_clip_frame_0000000.jpg,videos/BU_clip.mp4,0,0.0,playable_field,needs_polygon
data/field_segmentation/images_to_annotate/BU_clip_frame_0001407.jpg,videos/BU_clip.mp4,1407,56.28,playable_field,needs_polygon
data/field_segmentation/images_to_annotate/BU_clip_frame_0002814.jpg,videos/BU_clip.mp4,2814,112.56,playable_field,needs_polygon
data/field_segmentation/images_to_annotate/BU_clip_frame_0003582.jpg,videos/BU_clip.mp4,3582,143.28,playable_field,needs_polygon
data/field_segmentation/images_to_annotate/BU_clip_frame_0004093.jpg,videos/BU_clip.mp4,4093,163.72,playable_field,needs_polygon
data/field_segmentation/images_to_annotate/BU_clip_frame_0005117.jpg,videos/BU_clip.mp4,5117,204.68,playable_field,needs_polygon
data/field_segmentation/images_to_annotate/BU_clip_frame_0006524.jpg,videos/BU_clip.mp4,6524,260.96,playable_field,needs_polygon
data/field_segmentation/images_to_annotate/BU_clip_frame_0007292.jpg,videos/BU_clip.mp4,7292,291.68,playable_field,needs_polygon
data/field_segmentation/images_to_annotate/BU_clip_frame_0008315.jpg,videos/BU_clip.mp4,8315,332.6,playable_field,needs_polygon
data/field_segmentation/images_to_annotate/BU_clip_frame_0009722.jpg,videos/BU_clip.mp4,9722,388.88,playable_field,needs_polygon
data/field_segmentation/images_to_annotate/BU_clip_frame_0010106.jpg,videos/BU_clip.mp4,10106,404.24,playable_field,needs_polygon
data/field_segmentation/images_to_annotate/BU_clip_frame_0011641.jpg,videos/BU_clip.mp4,11641,465.64,playable_field,needs_polygon
data/field_segmentation/images_to_annotate/BU_clip_frame_0012793.jpg,videos/BU_clip.mp4,12793,511.72,playable_field,needs_polygon
data/field_segmentation/images_to_annotate/BU_clip_frame_0013305.jpg,videos/BU_clip.mp4,13305,532.2,playable_field,needs_polygon
data/field_segmentation/images_to_annotate/BU_clip_frame_0015096.jpg,videos/BU_clip.mp4,15096,603.84,playable_field,needs_polygon
data/field_segmentation/images_to_annotate/albany_clip_frame_0000000.jpg,videos/albany_clip.mp4,0,0.0,playable_field,needs_polygon
data/field_segmentation/images_to_annotate/albany_clip_frame_0002117.jpg,videos/albany_clip.mp4,2117,70.567,playable_field,needs_polygon
data/field_segmentation/images_to_annotate/albany_clip_frame_0003025.jpg,videos/albany_clip.mp4,3025,100.833,playable_field,needs_polygon
data/field_segmentation/images_to_annotate/albany_clip_frame_0003630.jpg,videos/albany_clip.mp4,3630,121.0,playable_field,needs_polygon
data/field_segmentation/images_to_annotate/albany_clip_frame_0004840.jpg,videos/albany_clip.mp4,4840,161.333,playable_field,needs_polygon
data/field_segmentation/images_to_annotate/albany_clip_frame_0006201.jpg,videos/albany_clip.mp4,6201,206.7,playable_field,needs_polygon
data/field_segmentation/images_to_annotate/albany_clip_frame_0007865.jpg,videos/albany_clip.mp4,7865,262.167,playable_field,needs_polygon
data/field_segmentation/images_to_annotate/albany_clip_frame_0008772.jpg,videos/albany_clip.mp4,8772,292.4,playable_field,needs_polygon
data/field_segmentation/images_to_annotate/albany_clip_frame_0010436.jpg,videos/albany_clip.mp4,10436,347.867,playable_field,needs_polygon
data/field_segmentation/images_to_annotate/albany_clip_frame_0011646.jpg,videos/albany_clip.mp4,11646,388.2,playable_field,needs_polygon
data/field_segmentation/images_to_annotate/albany_clip_frame_0013007.jpg,videos/albany_clip.mp4,13007,433.567,playable_field,needs_polygon
data/field_segmentation/images_to_annotate/albany_clip_frame_0013915.jpg,videos/albany_clip.mp4,13915,463.833,playable_field,needs_polygon
data/field_segmentation/images_to_annotate/albany_clip_frame_0015125.jpg,videos/albany_clip.mp4,15125,504.167,playable_field,needs_polygon
data/field_segmentation/images_to_annotate/albany_clip_frame_0016032.jpg,videos/albany_clip.mp4,16032,534.4,playable_field,needs_polygon
data/field_segmentation/images_to_annotate/albany_clip_frame_0017091.jpg,videos/albany_clip.mp4,17091,569.7,playable_field,needs_polygon
data/field_segmentation/images_to_annotate/albany_short_clip_frame_0000000.jpg,videos/albany_short_clip.mp4,0,0.0,playable_field,needs_polygon
data/field_segmentation/images_to_annotate/albany_short_clip_frame_0001134.jpg,videos/albany_short_clip.mp4,1134,37.8,playable_field,needs_polygon
data/field_segmentation/images_to_annotate/albany_short_clip_frame_0001436.jpg,videos/albany_short_clip.mp4,1436,47.867,playable_field,needs_polygon
data/field_segmentation/images_to_annotate/albany_short_clip_frame_0001890.jpg,videos/albany_short_clip.mp4,1890,63.0,playable_field,needs_polygon
data/field_segmentation/images_to_annotate/albany_short_clip_frame_0002873.jpg,videos/albany_short_clip.mp4,2873,95.767,playable_field,needs_polygon
data/field_segmentation/images_to_annotate/albany_short_clip_frame_0003176.jpg,videos/albany_short_clip.mp4,3176,105.867,playable_field,needs_polygon
data/field_segmentation/images_to_annotate/albany_short_clip_frame_0004083.jpg,videos/albany_short_clip.mp4,4083,136.1,playable_field,needs_polygon
data/field_segmentation/images_to_annotate/albany_short_clip_frame_0004310.jpg,videos/albany_short_clip.mp4,4310,143.667,playable_field,needs_polygon
data/field_segmentation/images_to_annotate/albany_short_clip_frame_0004915.jpg,videos/albany_short_clip.mp4,4915,163.833,playable_field,needs_polygon
data/field_segmentation/images_to_annotate/albany_short_clip_frame_0005444.jpg,videos/albany_short_clip.mp4,5444,181.467,playable_field,needs_polygon
data/field_segmentation/images_to_annotate/albany_short_clip_frame_0006276.jpg,videos/albany_short_clip.mp4,6276,209.2,playable_field,needs_polygon
data/field_segmentation/images_to_annotate/albany_short_clip_frame_0007184.jpg,videos/albany_short_clip.mp4,7184,239.467,playable_field,needs_polygon
data/field_segmentation/images_to_annotate/albany_short_clip_frame_0007637.jpg,videos/albany_short_clip.mp4,7637,254.567,playable_field,needs_polygon
data/field_segmentation/images_to_annotate/albany_short_clip_frame_0008242.jpg,videos/albany_short_clip.mp4,8242,274.733,playable_field,needs_polygon
data/field_segmentation/images_to_annotate/albany_short_clip_frame_0008772.jpg,videos/albany_short_clip.mp4,8772,292.4,playable_field,needs_polygon
data/field_segmentation/images_to_annotate/army_short_clip_frame_0000000.jpg,videos/army_short_clip.mp4,0,0.0,playable_field,needs_polygon
data/field_segmentation/images_to_annotate/army_short_clip_frame_0001893.jpg,videos/army_short_clip.mp4,1893,75.72,playable_field,needs_polygon
data/field_segmentation/images_to_annotate/army_short_clip_frame_0002651.jpg,videos/army_short_clip.mp4,2651,106.04,playable_field,needs_polygon
data/field_segmentation/images_to_annotate/army_short_clip_frame_0003282.jpg,videos/army_short_clip.mp4,3282,131.28,playable_field,needs_polygon
data/field_segmentation/images_to_annotate/army_short_clip_frame_0004292.jpg,videos/army_short_clip.mp4,4292,171.68,playable_field,needs_polygon
data/field_segmentation/images_to_annotate/army_short_clip_frame_0005681.jpg,videos/army_short_clip.mp4,5681,227.24,playable_field,needs_polygon
data/field_segmentation/images_to_annotate/army_short_clip_frame_0006312.jpg,videos/army_short_clip.mp4,6312,252.48,playable_field,needs_polygon
data/field_segmentation/images_to_annotate/army_short_clip_frame_0007827.jpg,videos/army_short_clip.mp4,7827,313.08,playable_field,needs_polygon
data/field_segmentation/images_to_annotate/army_short_clip_frame_0008080.jpg,videos/army_short_clip.mp4,8080,323.2,playable_field,needs_polygon
data/field_segmentation/images_to_annotate/army_short_clip_frame_0009090.jpg,videos/army_short_clip.mp4,9090,363.6,playable_field,needs_polygon
data/field_segmentation/images_to_annotate/army_short_clip_frame_0010605.jpg,videos/army_short_clip.mp4,10605,424.2,playable_field,needs_polygon
data/field_segmentation/images_to_annotate/army_short_clip_frame_0011867.jpg,videos/army_short_clip.mp4,11867,474.68,playable_field,needs_polygon
data/field_segmentation/images_to_annotate/army_short_clip_frame_0012120.jpg,videos/army_short_clip.mp4,12120,484.8,playable_field,needs_polygon
data/field_segmentation/images_to_annotate/army_short_clip_frame_0013256.jpg,videos/army_short_clip.mp4,13256,530.24,playable_field,needs_polygon
data/field_segmentation/images_to_annotate/army_short_clip_frame_0014897.jpg,videos/army_short_clip.mp4,14897,595.88,playable_field,needs_polygon
data/field_segmentation/images_to_annotate/holy_cross_short_clip_frame_0000000.jpg,videos/holy_cross_short_clip.mp4,0,0.0,playable_field,needs_polygon
data/field_segmentation/images_to_annotate/holy_cross_short_clip_frame_0000418.jpg,videos/holy_cross_short_clip.mp4,418,16.72,playable_field,needs_polygon
data/field_segmentation/images_to_annotate/holy_cross_short_clip_frame_0000874.jpg,videos/holy_cross_short_clip.mp4,874,34.96,playable_field,needs_polygon
data/field_segmentation/images_to_annotate/holy_cross_short_clip_frame_0001102.jpg,videos/holy_cross_short_clip.mp4,1102,44.08,playable_field,needs_polygon
data/field_segmentation/images_to_annotate/holy_cross_short_clip_frame_0001368.jpg,videos/holy_cross_short_clip.mp4,1368,54.72,playable_field,needs_polygon
data/field_segmentation/images_to_annotate/holy_cross_short_clip_frame_0001748.jpg,videos/holy_cross_short_clip.mp4,1748,69.92,playable_field,needs_polygon
data/field_segmentation/images_to_annotate/holy_cross_short_clip_frame_0001976.jpg,videos/holy_cross_short_clip.mp4,1976,79.04,playable_field,needs_polygon
data/field_segmentation/images_to_annotate/holy_cross_short_clip_frame_0002281.jpg,videos/holy_cross_short_clip.mp4,2281,91.24,playable_field,needs_polygon
data/field_segmentation/images_to_annotate/holy_cross_short_clip_frame_0002585.jpg,videos/holy_cross_short_clip.mp4,2585,103.4,playable_field,needs_polygon
data/field_segmentation/images_to_annotate/holy_cross_short_clip_frame_0002737.jpg,videos/holy_cross_short_clip.mp4,2737,109.48,playable_field,needs_polygon
data/field_segmentation/images_to_annotate/holy_cross_short_clip_frame_0003307.jpg,videos/holy_cross_short_clip.mp4,3307,132.28,playable_field,needs_polygon
data/field_segmentation/images_to_annotate/holy_cross_short_clip_frame_0003497.jpg,videos/holy_cross_short_clip.mp4,3497,139.88,playable_field,needs_polygon
data/field_segmentation/images_to_annotate/holy_cross_short_clip_frame_0003915.jpg,videos/holy_cross_short_clip.mp4,3915,156.6,playable_field,needs_polygon
data/field_segmentation/images_to_annotate/holy_cross_short_clip_frame_0003953.jpg,videos/holy_cross_short_clip.mp4,3953,158.12,playable_field,needs_polygon
data/field_segmentation/images_to_annotate/holy_cross_short_clip_frame_0004257.jpg,videos/holy_cross_short_clip.mp4,4257,170.28,playable_field,needs_polygon
data/field_segmentation/images_to_annotate/lafayette_clip_frame_0000000.jpg,videos/lafayette_clip.mp4,0,0.0,playable_field,needs_polygon
data/field_segmentation/images_to_annotate/lafayette_clip_frame_0000887.jpg,videos/lafayette_clip.mp4,887,35.48,playable_field,needs_polygon
data/field_segmentation/images_to_annotate/lafayette_clip_frame_0002409.jpg,videos/lafayette_clip.mp4,2409,96.36,playable_field,needs_polygon
data/field_segmentation/images_to_annotate/lafayette_clip_frame_0003678.jpg,videos/lafayette_clip.mp4,3678,147.12,playable_field,needs_polygon
data/field_segmentation/images_to_annotate/lafayette_clip_frame_0003931.jpg,videos/lafayette_clip.mp4,3931,157.24,playable_field,needs_polygon
data/field_segmentation/images_to_annotate/lafayette_clip_frame_0005834.jpg,videos/lafayette_clip.mp4,5834,233.36,playable_field,needs_polygon
data/field_segmentation/images_to_annotate/lafayette_clip_frame_0006595.jpg,videos/lafayette_clip.mp4,6595,263.8,playable_field,needs_polygon
data/field_segmentation/images_to_annotate/lafayette_clip_frame_0006975.jpg,videos/lafayette_clip.mp4,6975,279.0,playable_field,needs_polygon
data/field_segmentation/images_to_annotate/lafayette_clip_frame_0008117.jpg,videos/lafayette_clip.mp4,8117,324.68,playable_field,needs_polygon
data/field_segmentation/images_to_annotate/lafayette_clip_frame_0009512.jpg,videos/lafayette_clip.mp4,9512,380.48,playable_field,needs_polygon
data/field_segmentation/images_to_annotate/lafayette_clip_frame_0010273.jpg,videos/lafayette_clip.mp4,10273,410.92,playable_field,needs_polygon
data/field_segmentation/images_to_annotate/lafayette_clip_frame_0011288.jpg,videos/lafayette_clip.mp4,11288,451.52,playable_field,needs_polygon
data/field_segmentation/images_to_annotate/lafayette_clip_frame_0012810.jpg,videos/lafayette_clip.mp4,12810,512.4,playable_field,needs_polygon
data/field_segmentation/images_to_annotate/lafayette_clip_frame_0013063.jpg,videos/lafayette_clip.mp4,13063,522.52,playable_field,needs_polygon
data/field_segmentation/images_to_annotate/lafayette_clip_frame_0014458.jpg,videos/lafayette_clip.mp4,14458,578.32,playable_field,needs_polygon
data/field_segmentation/images_to_annotate/lemoyne_full_frame_0000000.jpg,videos/lemoyne_full.mp4,0,0.0,playable_field,needs_polygon
data/field_segmentation/images_to_annotate/lemoyne_full_frame_0019461.jpg,videos/lemoyne_full.mp4,19461,648.7,playable_field,needs_polygon
data/field_segmentation/images_to_annotate/lemoyne_full_frame_0028306.jpg,videos/lemoyne_full.mp4,28306,943.533,playable_field,needs_polygon
data/field_segmentation/images_to_annotate/lemoyne_full_frame_0044229.jpg,videos/lemoyne_full.mp4,44229,1474.3,playable_field,needs_polygon
data/field_segmentation/images_to_annotate/lemoyne_full_frame_0061921.jpg,videos/lemoyne_full.mp4,61921,2064.033,playable_field,needs_polygon
data/field_segmentation/images_to_annotate/lemoyne_full_frame_0081382.jpg,videos/lemoyne_full.mp4,81382,2712.733,playable_field,needs_polygon
data/field_segmentation/images_to_annotate/lemoyne_full_frame_0084920.jpg,videos/lemoyne_full.mp4,84920,2830.667,playable_field,needs_polygon
data/field_segmentation/images_to_annotate/lemoyne_full_frame_0100843.jpg,videos/lemoyne_full.mp4,100843,3361.433,playable_field,needs_polygon
data/field_segmentation/images_to_annotate/lemoyne_full_frame_0113227.jpg,videos/lemoyne_full.mp4,113227,3774.233,playable_field,needs_polygon
data/field_segmentation/images_to_annotate/lemoyne_full_frame_0132688.jpg,videos/lemoyne_full.mp4,132688,4422.933,playable_field,needs_polygon
data/field_segmentation/images_to_annotate/lemoyne_full_frame_0143303.jpg,videos/lemoyne_full.mp4,143303,4776.767,playable_field,needs_polygon
data/field_segmentation/images_to_annotate/lemoyne_full_frame_0157457.jpg,videos/lemoyne_full.mp4,157457,5248.567,playable_field,needs_polygon
data/field_segmentation/images_to_annotate/lemoyne_full_frame_0176918.jpg,videos/lemoyne_full.mp4,176918,5897.267,playable_field,needs_polygon
data/field_segmentation/images_to_annotate/lemoyne_full_frame_0196379.jpg,videos/lemoyne_full.mp4,196379,6545.967,playable_field,needs_polygon
data/field_segmentation/images_to_annotate/lemoyne_full_frame_0205225.jpg,videos/lemoyne_full.mp4,205225,6840.833,playable_field,needs_polygon
data/field_segmentation/images_to_annotate/lemoyne_short_clip_frame_0000000.jpg,videos/lemoyne_short_clip.mp4,0,0.0,playable_field,needs_polygon
data/field_segmentation/images_to_annotate/lemoyne_short_clip_frame_0000408.jpg,videos/lemoyne_short_clip.mp4,408,13.6,playable_field,needs_polygon
data/field_segmentation/images_to_annotate/lemoyne_short_clip_frame_0000998.jpg,videos/lemoyne_short_clip.mp4,998,33.267,playable_field,needs_polygon
data/field_segmentation/images_to_annotate/lemoyne_short_clip_frame_0001179.jpg,videos/lemoyne_short_clip.mp4,1179,39.3,playable_field,needs_polygon
data/field_segmentation/images_to_annotate/lemoyne_short_clip_frame_0001633.jpg,videos/lemoyne_short_clip.mp4,1633,54.433,playable_field,needs_polygon
data/field_segmentation/images_to_annotate/lemoyne_short_clip_frame_0001905.jpg,videos/lemoyne_short_clip.mp4,1905,63.5,playable_field,needs_polygon
data/field_segmentation/images_to_annotate/lemoyne_short_clip_frame_0002495.jpg,videos/lemoyne_short_clip.mp4,2495,83.167,playable_field,needs_polygon
data/field_segmentation/images_to_annotate/lemoyne_short_clip_frame_0002767.jpg,videos/lemoyne_short_clip.mp4,2767,92.233,playable_field,needs_polygon
data/field_segmentation/images_to_annotate/lemoyne_short_clip_frame_0003130.jpg,videos/lemoyne_short_clip.mp4,3130,104.333,playable_field,needs_polygon
data/field_segmentation/images_to_annotate/lemoyne_short_clip_frame_0003584.jpg,videos/lemoyne_short_clip.mp4,3584,119.467,playable_field,needs_polygon
data/field_segmentation/images_to_annotate/lemoyne_short_clip_frame_0003765.jpg,videos/lemoyne_short_clip.mp4,3765,125.5,playable_field,needs_polygon
data/field_segmentation/images_to_annotate/lemoyne_short_clip_frame_0004219.jpg,videos/lemoyne_short_clip.mp4,4219,140.633,playable_field,needs_polygon
data/field_segmentation/images_to_annotate/lemoyne_short_clip_frame_0004446.jpg,videos/lemoyne_short_clip.mp4,4446,148.2,playable_field,needs_polygon
data/field_segmentation/images_to_annotate/lemoyne_short_clip_frame_0004990.jpg,videos/lemoyne_short_clip.mp4,4990,166.333,playable_field,needs_polygon
data/field_segmentation/images_to_annotate/lemoyne_short_clip_frame_0005308.jpg,videos/lemoyne_short_clip.mp4,5308,176.933,playable_field,needs_polygon
data/field_segmentation/images_to_annotate/match_clip_frame_0000000.jpg,videos/match_clip.mov,0,0.0,playable_field,needs_polygon
data/field_segmentation/images_to_annotate/match_clip_frame_0000380.jpg,videos/match_clip.mov,380,15.199,playable_field,needs_polygon
data/field_segmentation/images_to_annotate/match_clip_frame_0000836.jpg,videos/match_clip.mov,836,33.437,playable_field,needs_polygon
data/field_segmentation/images_to_annotate/match_clip_frame_0000950.jpg,videos/match_clip.mov,950,37.996,playable_field,needs_polygon
data/field_segmentation/images_to_annotate/match_clip_frame_0001216.jpg,videos/match_clip.mov,1216,48.635,playable_field,needs_polygon
data/field_segmentation/images_to_annotate/match_clip_frame_0001748.jpg,videos/match_clip.mov,1748,69.913,playable_field,needs_polygon
data/field_segmentation/images_to_annotate/match_clip_frame_0002014.jpg,videos/match_clip.mov,2014,80.552,playable_field,needs_polygon
data/field_segmentation/images_to_annotate/match_clip_frame_0002242.jpg,videos/match_clip.mov,2242,89.672,playable_field,needs_polygon
data/field_segmentation/images_to_annotate/match_clip_frame_0002584.jpg,videos/match_clip.mov,2584,103.35,playable_field,needs_polygon
data/field_segmentation/images_to_annotate/match_clip_frame_0002774.jpg,videos/match_clip.mov,2774,110.95,playable_field,needs_polygon
data/field_segmentation/images_to_annotate/match_clip_frame_0003040.jpg,videos/match_clip.mov,3040,121.589,playable_field,needs_polygon
data/field_segmentation/images_to_annotate/match_clip_frame_0003382.jpg,videos/match_clip.mov,3382,135.267,playable_field,needs_polygon
data/field_segmentation/images_to_annotate/match_clip_frame_0003838.jpg,videos/match_clip.mov,3838,153.506,playable_field,needs_polygon
data/field_segmentation/images_to_annotate/match_clip_frame_0004028.jpg,videos/match_clip.mov,4028,161.105,playable_field,needs_polygon
data/field_segmentation/images_to_annotate/match_clip_frame_0004408.jpg,videos/match_clip.mov,4408,176.303,playable_field,needs_polygon
data/field_segmentation/images_to_annotate/match_clip_5_frame_0000000.jpg,videos/match_clip_5.mp4,0,0.0,playable_field,needs_polygon
data/field_segmentation/images_to_annotate/match_clip_5_frame_0000756.jpg,videos/match_clip_5.mp4,756,25.2,playable_field,needs_polygon
data/field_segmentation/images_to_annotate/match_clip_5_frame_0001739.jpg,videos/match_clip_5.mp4,1739,57.967,playable_field,needs_polygon
data/field_segmentation/images_to_annotate/match_clip_5_frame_0001814.jpg,videos/match_clip_5.mp4,1814,60.467,playable_field,needs_polygon
data/field_segmentation/images_to_annotate/match_clip_5_frame_0002495.jpg,videos/match_clip_5.mp4,2495,83.167,playable_field,needs_polygon
data/field_segmentation/images_to_annotate/match_clip_5_frame_0003251.jpg,videos/match_clip_5.mp4,3251,108.367,playable_field,needs_polygon
data/field_segmentation/images_to_annotate/match_clip_5_frame_0003932.jpg,videos/match_clip_5.mp4,3932,131.067,playable_field,needs_polygon
data/field_segmentation/images_to_annotate/match_clip_5_frame_0004310.jpg,videos/match_clip_5.mp4,4310,143.667,playable_field,needs_polygon
data/field_segmentation/images_to_annotate/match_clip_5_frame_0004991.jpg,videos/match_clip_5.mp4,4991,166.367,playable_field,needs_polygon
data/field_segmentation/images_to_annotate/match_clip_5_frame_0005747.jpg,videos/match_clip_5.mp4,5747,191.567,playable_field,needs_polygon
data/field_segmentation/images_to_annotate/match_clip_5_frame_0006579.jpg,videos/match_clip_5.mp4,6579,219.3,playable_field,needs_polygon
data/field_segmentation/images_to_annotate/match_clip_5_frame_0006654.jpg,videos/match_clip_5.mp4,6654,221.8,playable_field,needs_polygon
data/field_segmentation/images_to_annotate/match_clip_5_frame_0007410.jpg,videos/match_clip_5.mp4,7410,247.0,playable_field,needs_polygon
data/field_segmentation/images_to_annotate/match_clip_5_frame_0008394.jpg,videos/match_clip_5.mp4,8394,279.8,playable_field,needs_polygon
data/field_segmentation/images_to_annotate/match_clip_5_frame_0008469.jpg,videos/match_clip_5.mp4,8469,282.3,playable_field,needs_polygon
data/field_segmentation/images_to_annotate/match_clip_7_frame_0000000.jpg,videos/match_clip_7.mp4,0,0.0,playable_field,needs_polygon
data/field_segmentation/images_to_annotate/match_clip_7_frame_0000983.jpg,videos/match_clip_7.mp4,983,32.767,playable_field,needs_polygon
data/field_segmentation/images_to_annotate/match_clip_7_frame_0001512.jpg,videos/match_clip_7.mp4,1512,50.4,playable_field,needs_polygon
data/field_segmentation/images_to_annotate/match_clip_7_frame_0002344.jpg,videos/match_clip_7.mp4,2344,78.133,playable_field,needs_polygon
data/field_segmentation/images_to_annotate/match_clip_7_frame_0002949.jpg,videos/match_clip_7.mp4,2949,98.3,playable_field,needs_polygon
data/field_segmentation/images_to_annotate/match_clip_7_frame_0003327.jpg,videos/match_clip_7.mp4,3327,110.9,playable_field,needs_polygon
data/field_segmentation/images_to_annotate/match_clip_7_frame_0003629.jpg,videos/match_clip_7.mp4,3629,120.967,playable_field,needs_polygon
data/field_segmentation/images_to_annotate/match_clip_7_frame_0004461.jpg,videos/match_clip_7.mp4,4461,148.7,playable_field,needs_polygon
data/field_segmentation/images_to_annotate/match_clip_7_frame_0004991.jpg,videos/match_clip_7.mp4,4991,166.367,playable_field,needs_polygon
data/field_segmentation/images_to_annotate/match_clip_7_frame_0005898.jpg,videos/match_clip_7.mp4,5898,196.6,playable_field,needs_polygon
data/field_segmentation/images_to_annotate/match_clip_7_frame_0006049.jpg,videos/match_clip_7.mp4,6049,201.633,playable_field,needs_polygon
data/field_segmentation/images_to_annotate/match_clip_7_frame_0006730.jpg,videos/match_clip_7.mp4,6730,224.333,playable_field,needs_polygon
data/field_segmentation/images_to_annotate/match_clip_7_frame_0007410.jpg,videos/match_clip_7.mp4,7410,247.0,playable_field,needs_polygon
data/field_segmentation/images_to_annotate/match_clip_7_frame_0008394.jpg,videos/match_clip_7.mp4,8394,279.8,playable_field,needs_polygon
data/field_segmentation/images_to_annotate/match_clip_7_frame_0008772.jpg,videos/match_clip_7.mp4,8772,292.4,playable_field,needs_polygon
data/field_segmentation/images_to_annotate/siena_1st_frame_0000000.jpg,videos/siena_1st.mp4,0,0.0,playable_field,needs_polygon
data/field_segmentation/images_to_annotate/siena_1st_frame_0006812.jpg,videos/siena_1st.mp4,6812,227.067,playable_field,needs_polygon
data/field_segmentation/images_to_annotate/siena_1st_frame_0013625.jpg,videos/siena_1st.mp4,13625,454.167,playable_field,needs_polygon
data/field_segmentation/images_to_annotate/siena_1st_frame_0016351.jpg,videos/siena_1st.mp4,16351,545.033,playable_field,needs_polygon
data/field_segmentation/images_to_annotate/siena_1st_frame_0025889.jpg,videos/siena_1st.mp4,25889,862.967,playable_field,needs_polygon
data/field_segmentation/images_to_annotate/siena_1st_frame_0027251.jpg,videos/siena_1st.mp4,27251,908.367,playable_field,needs_polygon
data/field_segmentation/images_to_annotate/siena_1st_frame_0034746.jpg,videos/siena_1st.mp4,34746,1158.2,playable_field,needs_polygon
data/field_segmentation/images_to_annotate/siena_1st_frame_0040877.jpg,videos/siena_1st.mp4,40877,1362.567,playable_field,needs_polygon
data/field_segmentation/images_to_annotate/siena_1st_frame_0044284.jpg,videos/siena_1st.mp4,44284,1476.133,playable_field,needs_polygon
data/field_segmentation/images_to_annotate/siena_1st_frame_0052459.jpg,videos/siena_1st.mp4,52459,1748.633,playable_field,needs_polygon
data/field_segmentation/images_to_annotate/siena_1st_frame_0056547.jpg,videos/siena_1st.mp4,56547,1884.9,playable_field,needs_polygon
data/field_segmentation/images_to_annotate/siena_1st_frame_0062679.jpg,videos/siena_1st.mp4,62679,2089.3,playable_field,needs_polygon
data/field_segmentation/images_to_annotate/siena_1st_frame_0066085.jpg,videos/siena_1st.mp4,66085,2202.833,playable_field,needs_polygon
data/field_segmentation/images_to_annotate/siena_1st_frame_0074261.jpg,videos/siena_1st.mp4,74261,2475.367,playable_field,needs_polygon
data/field_segmentation/images_to_annotate/siena_1st_frame_0079711.jpg,videos/siena_1st.mp4,79711,2657.033,playable_field,needs_polygon
data/field_segmentation/images_to_annotate/siena_short_clip_frame_0000000.jpg,videos/siena_short_clip.mp4,0,0.0,playable_field,needs_polygon
data/field_segmentation/images_to_annotate/siena_short_clip_frame_0000635.jpg,videos/siena_short_clip.mp4,635,21.167,playable_field,needs_polygon
data/field_segmentation/images_to_annotate/siena_short_clip_frame_0000907.jpg,videos/siena_short_clip.mp4,907,30.233,playable_field,needs_polygon
data/field_segmentation/images_to_annotate/siena_short_clip_frame_0001406.jpg,videos/siena_short_clip.mp4,1406,46.867,playable_field,needs_polygon
data/field_segmentation/images_to_annotate/siena_short_clip_frame_0001497.jpg,videos/siena_short_clip.mp4,1497,49.9,playable_field,needs_polygon
data/field_segmentation/images_to_annotate/siena_short_clip_frame_0002132.jpg,videos/siena_short_clip.mp4,2132,71.067,playable_field,needs_polygon
data/field_segmentation/images_to_annotate/siena_short_clip_frame_0002449.jpg,videos/siena_short_clip.mp4,2449,81.633,playable_field,needs_polygon
data/field_segmentation/images_to_annotate/siena_short_clip_frame_0002767.jpg,videos/siena_short_clip.mp4,2767,92.233,playable_field,needs_polygon
data/field_segmentation/images_to_annotate/siena_short_clip_frame_0003039.jpg,videos/siena_short_clip.mp4,3039,101.3,playable_field,needs_polygon
data/field_segmentation/images_to_annotate/siena_short_clip_frame_0003311.jpg,videos/siena_short_clip.mp4,3311,110.367,playable_field,needs_polygon
data/field_segmentation/images_to_annotate/siena_short_clip_frame_0003856.jpg,videos/siena_short_clip.mp4,3856,128.533,playable_field,needs_polygon
data/field_segmentation/images_to_annotate/siena_short_clip_frame_0003992.jpg,videos/siena_short_clip.mp4,3992,133.067,playable_field,needs_polygon
data/field_segmentation/images_to_annotate/siena_short_clip_frame_0004491.jpg,videos/siena_short_clip.mp4,4491,149.7,playable_field,needs_polygon
data/field_segmentation/images_to_annotate/siena_short_clip_frame_0005036.jpg,videos/siena_short_clip.mp4,5036,167.867,playable_field,needs_polygon
data/field_segmentation/images_to_annotate/siena_short_clip_frame_0005262.jpg,videos/siena_short_clip.mp4,5262,175.4,playable_field,needs_polygon
data/field_segmentation/images_to_annotate/vs_Bucknell_frame_0000000.jpg,videos/vs_Bucknell.mp4,0,0.0,playable_field,needs_polygon
data/field_segmentation/images_to_annotate/vs_Bucknell_frame_0009589.jpg,videos/vs_Bucknell.mp4,9589,383.561,playable_field,needs_polygon
data/field_segmentation/images_to_annotate/vs_Bucknell_frame_0019179.jpg,videos/vs_Bucknell.mp4,19179,767.161,playable_field,needs_polygon
data/field_segmentation/images_to_annotate/vs_Bucknell_frame_0034763.jpg,videos/vs_Bucknell.mp4,34763,1390.523,playable_field,needs_polygon
data/field_segmentation/images_to_annotate/vs_Bucknell_frame_0040756.jpg,videos/vs_Bucknell.mp4,40756,1630.243,playable_field,needs_polygon
data/field_segmentation/images_to_annotate/vs_Bucknell_frame_0047949.jpg,videos/vs_Bucknell.mp4,47949,1917.964,playable_field,needs_polygon
data/field_segmentation/images_to_annotate/vs_Bucknell_frame_0059936.jpg,videos/vs_Bucknell.mp4,59936,2397.445,playable_field,needs_polygon
data/field_segmentation/images_to_annotate/vs_Bucknell_frame_0069526.jpg,videos/vs_Bucknell.mp4,69526,2781.045,playable_field,needs_polygon
data/field_segmentation/images_to_annotate/vs_Bucknell_frame_0077917.jpg,videos/vs_Bucknell.mp4,77917,3116.686,playable_field,needs_polygon
data/field_segmentation/images_to_annotate/vs_Bucknell_frame_0094699.jpg,videos/vs_Bucknell.mp4,94699,3787.967,playable_field,needs_polygon
data/field_segmentation/images_to_annotate/vs_Bucknell_frame_0097097.jpg,videos/vs_Bucknell.mp4,97097,3883.887,playable_field,needs_polygon
data/field_segmentation/images_to_annotate/vs_Bucknell_frame_0109084.jpg,videos/vs_Bucknell.mp4,109084,4363.368,playable_field,needs_polygon
data/field_segmentation/images_to_annotate/vs_Bucknell_frame_0118674.jpg,videos/vs_Bucknell.mp4,118674,4746.969,playable_field,needs_polygon
data/field_segmentation/images_to_annotate/vs_Bucknell_frame_0127065.jpg,videos/vs_Bucknell.mp4,127065,5082.61,playable_field,needs_polygon
data/field_segmentation/images_to_annotate/vs_Bucknell_frame_0136655.jpg,videos/vs_Bucknell.mp4,136655,5466.211,playable_field,needs_polygon
